{"mi_loss": 37.536964416503906, "mi_artery_loss": 24.953781127929688, "siamese_loss": 5.62110074042721e-07, "total_loss": 37.536964416503906, "loss_lad": 6.8686442375183105, "loss_lcx": 10.591852188110352, "loss_rca": 7.493279457092285, "loss_patient": 1.0547981262207031, "accuracy": 0.48148148148148145, "f1": 0.2222222222222222, "recall": 0.14814814814814814, "precision": 0.4444444444444444, "specificity": 0.8148148148148148, "auc_roc": 0.4814814814814815, "precision_recall_auc": 0.5092592592592592, "accuracy_lad": 0.6326530612244898, "f1_lad": 0.18181818181818182, "recall_lad": 0.14285714285714285, "precision_lad": 0.25, "specificity_lad": 0.8285714285714286, "auc_roc_lad": 0.48571428571428565, "precision_recall_auc_lad": 0.31887755102040816, "accuracy_lcx": 0.7317073170731707, "f1_lcx": 0.0, "recall_lcx": 0.0, "precision_lcx": 0.0, "specificity_lcx": 1.0, "auc_roc_lcx": 0.5, "precision_recall_auc_lcx": 0.6341463414634146, "accuracy_rca": 0.8260869565217391, "f1_rca": 0.0, "recall_rca": 0.0, "precision_rca": 0.0, "specificity_rca": 1.0, "auc_roc_rca": 0.5, "precision_recall_auc_rca": 0.5869565217391304, "accuracy_patient": 0.5370370370370371, "f1_patient": 0.6575342465753423, "recall_patient": 0.8888888888888888, "precision_patient": 0.5217391304347826, "specificity_patient": 0.18518518518518517, "auc_roc_patient": 0.537037037037037, "precision_recall_auc_patient": 0.7330917874396136, "mi_loss_valid": 21.650623321533203, "mi_artery_loss_valid": 9.478199005126953, "siamese_loss_valid": 1.356582174594223e-06, "total_loss_valid": 21.650623321533203, "loss_lad_valid": 7.757650375366211, "loss_lcx_valid": 0.5696802139282227, "loss_rca_valid": 1.1508687734603882, "loss_patient_valid": 1.9077554941177368, "accuracy_valid": 0.7866666666666666, "f1_valid": 0.0, "recall_valid": 0.0, "precision_valid": 0.0, "specificity_valid": 0.8082191780821918, "auc_roc_valid": 0.4041095890410959, "precision_recall_auc_valid": 0.013333333333333334, "accuracy_lad_valid": 0.7916666666666666, "f1_lad_valid": 0.0, "recall_lad_valid": 0.0, "precision_lad_valid": 0.0, "specificity_lad_valid": 0.8028169014084507, "auc_roc_lad_valid": 0.4014084507042254, "precision_recall_auc_lad_valid": 0.006944444444444444, "accuracy_lcx_valid": 1.0, "f1_lcx_valid": 0.0, "recall_lcx_valid": 0.0, "precision_lcx_valid": 0.0, "specificity_lcx_valid": 1.0, "auc_roc_lcx_valid": 0, "precision_recall_auc_lcx_valid": 0, "accuracy_rca_valid": 0.9848484848484849, "f1_rca_valid": 0.0, "recall_rca_valid": 0.0, "precision_rca_valid": 0.0, "specificity_rca_valid": 1.0, "auc_roc_rca_valid": 0.5, "precision_recall_auc_rca_valid": 0.5075757575757576, "accuracy_patient_valid": 0.14666666666666667, "f1_patient_valid": 0.05882352941176471, "recall_patient_valid": 1.0, "precision_patient_valid": 0.030303030303030304, "specificity_patient_valid": 0.1232876712328767, "auc_roc_patient_valid": 0.5616438356164384, "precision_recall_auc_patient_valid": 0.5151515151515151, "_timestamp": 1657373117, "_runtime": 78, "_step": 1, "_wandb": {"runtime": 80}}