{"mi_loss": 17.063186645507812, "mi_artery_loss": 10.113485336303711, "siamese_loss": 5.189634748603567e-07, "total_loss": 17.063186645507812, "loss_lad": 3.9373488426208496, "loss_lcx": 3.2845358848571777, "loss_rca": 2.891599178314209, "loss_patient": 0.8736859560012817, "accuracy": 0.625, "f1": 0.4444444444444444, "recall": 0.3, "precision": 0.8571428571428571, "specificity": 0.95, "auc_roc": 0.6249999999999999, "precision_recall_auc": 0.7535714285714286, "accuracy_lad": 0.8, "f1_lad": 0.5882352941176471, "recall_lad": 0.45454545454545453, "precision_lad": 0.8333333333333334, "specificity_lad": 0.9583333333333334, "auc_roc_lad": 0.706439393939394, "precision_recall_auc_lad": 0.7296536796536797, "accuracy_lcx": 0.7419354838709677, "f1_lcx": 0.0, "recall_lcx": 0.0, "precision_lcx": 0.0, "specificity_lcx": 1.0, "auc_roc_lcx": 0.5, "precision_recall_auc_lcx": 0.6290322580645161, "accuracy_rca": 0.8918918918918919, "f1_rca": 0.33333333333333337, "recall_rca": 0.2, "precision_rca": 1.0, "specificity_rca": 1.0, "auc_roc_rca": 0.6, "precision_recall_auc_rca": 0.654054054054054, "accuracy_patient": 0.475, "f1_patient": 0.6440677966101694, "recall_patient": 0.95, "precision_patient": 0.48717948717948717, "specificity_patient": 0.0, "auc_roc_patient": 0.475, "precision_recall_auc_patient": 0.7310897435897437, "mi_loss_valid": 30.57594108581543, "mi_artery_loss_valid": 16.525070190429688, "siamese_loss_valid": 1.356467464574962e-06, "total_loss_valid": 30.57594108581543, "loss_lad_valid": 7.338657379150391, "loss_lcx_valid": 4.465247631072998, "loss_rca_valid": 4.721166610717773, "loss_patient_valid": 2.3553268909454346, "accuracy_valid": 0.7333333333333333, "f1_valid": 0.09090909090909093, "recall_valid": 0.1111111111111111, "precision_valid": 0.07692307692307693, "specificity_valid": 0.8181818181818182, "auc_roc_valid": 0.46464646464646464, "precision_recall_auc_valid": 0.14735042735042736, "accuracy_lad_valid": 0.821917808219178, "f1_lad_valid": 0.13333333333333333, "recall_lad_valid": 0.25, "precision_lad_valid": 0.09090909090909091, "specificity_lad_valid": 0.855072463768116, "auc_roc_lad_valid": 0.552536231884058, "precision_recall_auc_lad_valid": 0.1910024906600249, "accuracy_lcx_valid": 0.9571428571428572, "f1_lcx_valid": 0.0, "recall_lcx_valid": 0.0, "precision_lcx_valid": 0.0, "specificity_lcx_valid": 1.0, "auc_roc_lcx_valid": 0.5, "precision_recall_auc_lcx_valid": 0.5214285714285715, "accuracy_rca_valid": 0.890625, "f1_rca_valid": 0.0, "recall_rca_valid": 0.0, "precision_rca_valid": 0.0, "specificity_rca_valid": 0.95, "auc_roc_rca_valid": 0.475, "precision_recall_auc_rca_valid": 0.03125, "accuracy_patient_valid": 0.12, "f1_patient_valid": 0.21428571428571425, "recall_patient_valid": 1.0, "precision_patient_valid": 0.12, "specificity_patient_valid": 0.0, "auc_roc_patient_valid": 0.5, "precision_recall_auc_patient_valid": 0.56, "_timestamp": 1657373006, "_runtime": 786, "_step": 30}